city,id,ca_pm,abs_pm,length
Long Beach,771826,.11,24.058,0.303
Long Beach,717696,.6,24.548,0.495
Long Beach,718219,1.1,25.048,0.565
Long Beach,717701,1.73,25.678,0.675
Long Beach,717703,2.45,26.398,0.505
Long Beach,718227,2.74,26.688,0.415
Long Beach,717706,3.28,27.228,0.35
Long Beach,717709,3.44,27.388,0.27
Long Beach,716632,3.82,27.768,0.385
Long Beach,771845,4.21,28.158,0.375
Long Beach,717711,4.57,28.518,0.3
Long Beach,717713,4.81,28.758,0.175
Long Beach,717715,4.92,28.868,0.325
Signal Hill,717717,5.46,29.408,0.447
Signal Hill,717719,5.99,29.762,0.317
Signal Hill,717720,6.27,30.042,0.285
Long Beach,717721,6.56,30.332,0.255
Long Beach,771863,6.78,30.552,0.33
Long Beach,717723,7.22,30.992,0.425
Long Beach,771877,7.63,31.402,0.4
Long Beach,717727,8.02,31.792,0.41
Long Beach,771898,8.45,32.222,0.335
Long Beach,717729,8.69,32.462,0.32
Carson,771915,9.09,32.862,0.39
Carson,718251,9.47,33.242,0.205
Carson,776739,9.5,33.272,0.28
Carson,775936,10.03,33.802,0.58
Carson,717733,10.66,34.432,0.435
Carson,771939,10.9,34.672,0.33
Carson,717735,11.32,35.092,0.46
Carson,716659,11.82,35.592,0.365
Carson,766505,12.05,35.822,0.375
Carson,718259,12.57,36.342,0.275
Carson,773000,12.6,36.372,0.305
other,716663,13.18,36.952,0.355
other,717740,13.31,37.082,0.315
Los Angeles,717742,13.81,37.582,0.515
Los Angeles,717744,14.34,38.112,0.575
Torrance,716670,14.96,38.732,0.545
Torrance,718266,15.43,39.202,0.52
Torrance,718267,16,39.772,0.615
Torrance,717750,16.66,40.432,0.505
Lawndale,717752,17.01,40.782,0.43
Lawndale,717755,17.52,41.292,0.595
Lawndale,717758,18.2,41.972,0.415
Redondo Beach,717760,18.35,42.122,0.48
Hawthorne,717763,19.16,42.932,0.505
Hawthorne,717765,19.36,43.132,0.205
Hawthorne,716689,19.57,43.342,0.385
Hawthorne,717769,20.13,43.902,0.41
other,761455,20.39,44.162,0.235
other,716694,20.6,44.372,0.488
other,759427,R21.365,45.137,0.869
Inglewood,769228,22.34,46.112,0.657
Inglewood,761482,22.68,46.452,0.18
Inglewood,776844,22.7,46.472,0.01
Inglewood,761492,22.7,46.472,0.33
Inglewood,717776,23.36,47.132,0.385
Inglewood,717777,23.47,47.242,0.125
Inglewood,764583,23.61,47.382,0.39
Inglewood,717779,24.25,48.022,0.745
Los Angeles,771969,25.1,48.872,0.58
other,718291,25.41,49.182,0.45
Culver City,769496,26,49.772,0.37
Culver City,718292,26.15,49.922,0.42
Los Angeles,768643,26.84,50.612,0.6
Culver City,717787,27.35,51.122,0.485
Culver City,717790,27.81,51.582,0.375
Los Angeles,772437,28.1,51.872,0.355
Los Angeles,716714,28.52,52.292,0.22
Los Angeles,772455,28.54,52.312,0.32
Los Angeles,718500,29.16,52.932,0.48
Los Angeles,768969,29.5,53.272,0.485
Los Angeles,717794,30.13,53.902,0.485
Los Angeles,716720,30.47,54.242,0.41
Los Angeles,717797,30.95,54.722,0.415
other,775155,31.3,55.072,0.31
other,717798,31.57,55.342,0.405
other,775261,32.11,55.882,0.415
other,717799,32.4,56.172,0.425
Los Angeles,717800,32.96,56.732,0.51
Los Angeles,717801,33.42,57.192,0.615
Los Angeles,775137,34.19,57.962,0.645
Los Angeles,717804,34.71,58.482,0.515
Los Angeles,775183,35.22,58.992,0.545
Los Angeles,716733,35.8,59.572,0.59
Los Angeles,775120,36.4,60.172,0.565
Los Angeles,717806,36.93,60.702,0.585
Los Angeles,716738,37.57,61.342,0.605
Los Angeles,716739,38.14,61.912,0.425
Los Angeles,775225,38.42,62.192,0.3
Los Angeles,717814,38.74,62.512,0.54
Los Angeles,777065,39.5,63.272,0.63
Los Angeles,767812,40,63.772,0.415
Los Angeles,717818,40.33,64.102,0.45
Los Angeles,767351,40.9,64.672,0.575
Los Angeles,717819,41.48,65.252,0.78
Los Angeles,717823,42.46,66.232,0.86
Los Angeles,767367,43.2,66.972,0.705
Los Angeles,717825,43.87,67.642,0.835
Los Angeles,717827,44.87,68.642,0.915
Los Angeles,771808,45.7,69.472,0.665
Los Angeles,771767,46.2,69.972,1.12
Los Angeles,772011,47.94,71.712,1.05
Los Angeles,772024,48.3,72.072,0.523
